Name,mass,radius,orbital_period,semi_major_axis,eccentricity,inclination,star_distance,star_mass,star_radius,star_teff,M-dwarf,
2M 2140+16 b,20,0.92,7340,3.53,0.26,46.2,25,0.08,0.1,2300,0,
2M 2206-20 b,30,1.3,8686,4.48,0,44.3,26.67,0.13,0.11,2350,0,
51 Peg b,0.47,1.9,4.2308,0.052,0.0069,80,14.7,1.11,1.266,5793,0,
55 Cnc e,0.02703,0.1737,0.7365478,0.015439,0.028,90.36,12.34,1.015,0.98,5196,0,
AU Mic b,0.0368,0.3908,8.463,0.0645,0.04,89.03,9.79,0.5,0.75,3700,0,
AU Mic c,0.0698,0.3131,18.859019,0.1101,0.04,88.62,9.79,0.5,0.75,3700,0,
BD+20 594 b,0.07,0.23,41.6855,0.241,0,89.55,180.39,1.67,1.08,5766,0,
CoRoT-1 b,1.03,1.49,1.50896848,0.0254,0,83.96,460,0.95,1.11,6298,0,
CoRoT-10 b,2.75,0.97,13.2406,0.1055,0.53,88.55,345,0.89,0.79,5075,0,
CoRoT-11 b,2.33,1.43,2.994325,0.04351,0,81.41,560,1.27,1.36,6343,0,
CoRoT-12 b,0.917,1.44,2.8280517,0.04016,0.07,85.48,1150,1.078,1.116,5675,0,
CoRoT-13 b,1.308,0.885,4.0350906,0.051,0,88.02,1310,1.09,1.01,5945,0,
CoRoT-14 b,7.6,1.09,1.51214,0.027,0,79.6,1340,1.13,1.21,6035,0,
CoRoT-16 b,0.535,1.17,5.35227,0.0618,0.33,85.01,840,1.098,1.19,5650,0,
CoRoT-17 b,2.43,1.02,3.768125,0.0461,0,88.34,920,1.04,1.59,5740,0,
CoRoT-18 b,3.47,1.31,1.90009057,0.0295,0.08,86.5,870,0.95,1,5440,0,
CoRoT-19 b,1.11,1.29,3.8971372,0.0518,0.047,87.61,800,1.21,1.65,6090,0,
CoRoT-2 b,3.31,1.465,1.7429964,0.0281,0,87.84,300,0.97,0.902,5575,0,
CoRoT-20 b,4.24,0.84,9.2431839,0.0902,0.562,88.21,1230,1.14,0.92,5880,0,
CoRoT-22 b,0.06,0.4354,9.75598,0.092,0.077,89.749,592,1.099,1.136,5939,0,
CoRoT-23 b,2.8,1.08,3.6314,0.0477,0.16,85.7,600,1.14,1.61,5900,0,
CoRoT-24 b,0.018,0.33,5.1134,0.056,0,86.5,600,0.91,0.86,4950,0,
CoRoT-24 c,0.088,0.44,11.759,0.098,0,89,600,0.91,0.86,4950,0,
CoRoT-26 b,0.52,1.26,4.20474,0.0526,0,86.8,1670,1.09,1.79,5590,0,
CoRoT-29 b,0.85,0.9,2.85057,0.039,0.082,87.3,765,0.976,0.9,5260,0,
CoRoT-3 b,21.66,1.19,4.2567994,0.057,0,85.9,680,1.41,1.44,6558,0,
CoRoT-30 b,2.9,1.009,9.06005,0.0844,0.007,90,960,0.98,0.91,5660,0,
CoRoT-31 b,0.84,1.46,4.62941,0.0586,0.02,83.2,2190,1.25,2.15,5370,0,
CoRoT-35 b,1.1,1.68,3.22748,0.0429,0,84.1,1140,1.01,1.65,6390,0,
CoRoT-36 b,0.68,1.41,5.616531,0.066,0,85.83,954,1.32,1.52,6730,0,
CoRoT-5 b,0.467,1.33,4.0379148,0.04947,0.09,85.83,400,1,1.186,6100,0,
CoRoT-7 b,0.041812,0.136,0.8535,0.0172,0.12,80.1,150,0.93,0.87,5313,0,
CoRoT-8 b,0.2158,0.5692,6.21229,0.063,0,88.4,380,0.88,0.77,5080,0,
CoRoT-9 b,0.84,0.94,95.273804,0.407,0.133,89.9,460,0.99,0.94,5625,0,
EPIC 211442297 b,0.84,1.115,20.273034,0.1367,0.137,88.82,418.58,0.95,0.88,5657,0,
EPIC 211945201 b,0.085,0.514,19.49221,0.1493,0,87.9,182.69,1.17,1.39,6069,0,
EPIC 212737443 b,0.02907,0.231,13.603,0.098,0.2,89.071,347.45,0.69,0.67,4684,0,
EPIC 219388192 b,36,0.846,5.292569,0.0593,0.1893,89.63,300,0.99,1.01,5850,0,
EPIC 246193072 b,0.26,0.774,12.4551225,0.1016,0.0697,89.22,230.4,0.901,0.822,5282,0,
G 9-40 b,0.013,0.17,5.7459982,0.0418,0,89.03,27.93,0.29,0.31,3348,1,
Gaia-2 b,0.773,1.327,3.6915237,0.0467,0.346,85.66,207.2,1,1.064,5720,0,
GJ 1214 b,0.02571,0.24463,1.580404497,0.01411,0.27,88.17,13,0.15,0.216,3026,1,
GJ 143 b,0.0714,0.2329,35.61253,0.1932,0.188,89.33,16.33,0.76,0.73,4640,0,
GJ 3090 b,0.01051,0.19,2.8531054,0.03165,0.18,87.14,22.444,0.519,0.516,3556,1,
GJ 3470 b,0.03958,0.373807429,3.336649,0.03557,0.114,88.3,30.7,0.51,0.48,3652,1,
GJ 3473 b,0.00585,0.11277,1.1980035,0.01589,0,87.95,27.39,0.36,0.364,3347,1,
GJ 357 b,0.006566,0.10411,3.93086,0.033,0.047,88.496,9.444,0.342,0.337,3505,1,
GJ 436 b,0.07,0.38,2.64394,0.02887,0.1912,85.8,10.2,0.452,0.464,3684,1,
GJ 486 b,0.00887,0.11643,1.467119,0.01734,0.05,88.4,8.0761,0.323,0.328,3340,1,
GJ 9827 b,0.01532,0.13641,1.2089765,0.01866,0,85.8,30.3,0.659,0.651,4255,0,
GJ 9827 d,0.01076,0.17441,6.20183,0.0555,0,87.39,30.3,0.659,0.651,4255,0,
HAT-P-1 b,0.525,1.319,4.46529976,0.05561,0.067,85.634,139,1.151,1.174,5980,0,
HAT-P-10 A b,0.46,1.045,3.722469,0.0439,0,89.8,125,0.82,0.81,4980,0,
HAT-P-11 b,0.0736,0.389,4.887802443,0.053,0.265,89.05,37.89,0.809,0.683,4780,0,
HAT-P-13 b,0.85,1.28,2.916243,0.0426,0.0142,83.3,214,1.22,1.56,5638,0,
HAT-P-14 b,2.444,1.01,4.627686,0.0606,0.095,84.1167,205,1.386,1.468,6600,0,
HAT-P-15 b,1.946,1.072,10.863502,0.0964,0.19,89.1,190,1.013,1.08,5568,0,
HAT-P-16 b,4.193,1.289,2.77596,0.0413,0.036,86.6,235,1.218,1.237,6158,0,
HAT-P-17 b,0.534,1.01,10.338523,0.0882,0.346,89.2,90,0.857,0.837,5246,0,
HAT-P-18 b,0.183,0.947,5.508029,0.0559,0.106,88.79,166,0.77,0.717,4870,0,
HAT-P-19 b,0.292,1.132,4.008784,0.0466,0.067,88.51,215,0.842,0.82,4990,0,
HAT-P-2 b,8.74,0.951,5.6334729,0.0674,0.5171,90,118,1.34,1.54,6414,0,
HAT-P-20 b,7.246,0.867,2.875317,0.0361,0.015,81.9,70,0.756,0.694,4595,0,
HAT-P-21 b,4.063,1.024,4.124461,0.0494,0.228,87.2,254,0.947,1.105,5588,0,
HAT-P-22 b,2.147,1.08,3.21222,0.0414,0.016,73.6,82,0.916,1.04,5302,0,
HAT-P-23 b,2.09,1.368,1.212884,0.0232,0.106,85.1,393,1.13,1.29,5924,0,
HAT-P-24 b,0.685,1.242,3.35524,0.0465,0.067,88.6,405,1.191,1.317,6373,0,
HAT-P-25 b,0.567,1.19,3.652836,0.0466,0.032,87.6,297,1.01,0.959,5500,0,
HAT-P-26 b,0.0585,0.5647,4.234516,0.0479,0.124,88.6,134,0.816,0.788,5079,0,
HAT-P-27 b,0.66,1.055,3.0395803,0.0403,0.078,85.08,204,0.945,0.898,5300,0,
HAT-P-28 b,0.626,1.212,3.257215,0.0434,0.051,88,395,1.025,1.103,5680,0,
HAT-P-29 b,0.778,1.107,5.723186,0.0667,0.095,87.1,322,1.207,1.224,6087,0,
HAT-P-3 b,0.591,0.827,2.899703,0.03866,0,87.07,130,0.917,0.799,5224,0,
HAT-P-30 b,0.711,1.34,2.810595,0.0419,0.035,83.6,193,1.18,1.33,6250,0,
HAT-P-31 b,2.171,1.07,5.005425,0.055,0.245,87.1,354,1.218,1.36,6065,0,
HAT-P-32 b,0.75,1.789,2.15000825,0.03427,0.044,88.9,320,1.176,1.387,6001,0,
HAT-P-33 b,0.763,1.827,3.474474,0.0503,0.148,86.7,419,1.403,1.777,6401,0,
HAT-P-34 b,3.328,1.107,5.452654,0.0677,0.441,87.1,257,1.36,1.45,6509,0,
HAT-P-35 b,1.054,1.332,3.646706,0.0498,0.025,87.3,535,1.236,1.435,6096,0,
HAT-P-36 b,1.832,1.264,1.327347,0.0238,0.063,86,317,1.022,1.096,5580,0,
HAT-P-37 b,1.169,1.178,2.797436,0.0379,0.058,86.9,411,0.929,0.877,5500,0,
HAT-P-38 b,0.267,0.825,4.640382,0.0523,0.067,88.3,249,0.886,0.923,5330,0,
HAT-P-4 b,0.68,1.27,3.0565114,0.0446,0,89.67,310,1.26,1.59,5890,0,
HAT-P-42 b,0.975,1.277,4.641876,0.0575,0,85.9,447,1.179,1.528,5743,0,
HAT-P-43 b,0.66,1.283,3.332688,0.0443,0,88.7,543,1.048,1.104,5645,0,
HAT-P-44 b,0.392,1.28,4.301217,0.0507,0.072,89,374,0.939,0.979,5295,0,
HAT-P-45 b,0.892,1.426,3.128992,0.0452,0.049,87.8,305,1.259,1.319,6330,0,
HAT-P-46 b,0.493,1.284,4.463129,0.0577,0.123,85.5,296,1.284,1.396,6120,0,
HAT-P-47 b,0.206,1.313,4.732182,0.0615,0,84.8,268,1.387,1.515,6703,0,
HAT-P-48 b,0.168,1.131,4.40865,0.0543,0,86.8,305,1.099,1.223,5946,0,
HAT-P-49 b,1.73,1.413,2.691548,0.0438,0,86.2,322,1.543,1.833,6820,0,
HAT-P-5 b,1.06,1.252,2.788491,0.04079,0,86.75,340,1.163,1.137,5960,0,
HAT-P-50 b,1.36,1.288,3.1220109,0.0453,0.115,83.65,597,1.273,1.698,6280,0,
HAT-P-51 b,0.309,1.293,4.2180278,0.05069,0.123,88.48,470,0.976,1.041,5449,0,
HAT-P-52 b,0.819,1.009,2.7535953,0.03694,0.047,87.02,385,0.887,0.893,5131,0,
HAT-P-53 b,1.487,1.318,1.9616241,0.03159,0.134,86.2,719,1.093,1.209,5956,0,
HAT-P-54 b,0.76,0.944,3.799847,0.04117,0.074,87.04,135.8,0.645,0.617,4390,0,
HAT-P-55 b,0.582,1.182,3.5852467,0.04604,0.139,87.7,480,1.013,1.011,5808,0,
HAT-P-56 b,2.31,1.51,2.79083,0.0423,0.246,82.13,323.5,1.42,1.47,6566,0,
HAT-P-57 b,1.85,1.413,2.465295,0.0406,0,88.26,303,1.47,1.5,7500,0,
HAT-P-58 b,0.372,1.332,4.013837,0.04994,0.073,85.64,519,1.031,1.53,5931,0,
HAT-P-59 b,1.54,1.123,4.1419771,0.05064,0.03,85.18,267.3,1,1.1,5678,0,
HAT-P-6 b,1.057,1.33,3.853003,0.05235,0,85.51,200,1.29,1.46,6570,0,
HAT-P-62 b,0.761,1.073,2.6453235,0.03772,0.1,87.93,353.1,1.023,1.17,5629,0,
HAT-P-63 b,0.614,1.119,3.377728,0.04294,0.069,88.45,408,0.925,0.9661,5400,0,
HAT-P-65 b,0.527,1.89,2.6054552,0.03951,0.3,84.2,841,1.212,1.86,5835,0,
HAT-P-66 b,0.783,1.59,2.972086,0.04363,0,86.2,927,1.255,1.881,6002,0,
HAT-P-67 b,0.34,2.085,4.81010205,0.06505,0.24,88.8,320,1.642,1.546,6406,0,
HAT-P-68 b,0.724,1.072,2.29840551,0.02996,0.041,88.73,202,0.6785,0.67,4508,0,
HAT-P-69 b,3.58,1.676,4.7869491,0.06555,0,87.19,343.9,1.698,1.854,7724,0,
HAT-P-7 b,1.741,1.431,2.204735471,0.0379,0,81.1,320,1.51,2,6259,0,
HAT-P-70 b,6.78,1.87,2.74432452,0.04739,0,96.5,329,1.89,1.858,8450,0,
HAT-P-8 b,1.34,1.5,3.0763402,0.0449,0,87.8,230,1.28,1.58,6200,0,
HAT-P-9 b,0.67,1.4,3.922814,0.053,0,86.5,480,1.28,1.32,6350,0,
HATS-1 b,1.855,1.302,3.446459,0.0444,0.12,85.6,303,0.986,1.038,5870,0,
HATS-10 b,0.526,0.969,3.312846,0.0449,0.5,87.79,496,1.1,1.105,5880,0,
HATS-11 b,0.85,1.609,3.619188,0.0507,0.34,88.31,967.34,1.33,1.54,6563,0,
HATS-12 b,2.38,0.692,3.142702,0.0441,0.085,82.7,512.41,1.16,1.17,6357,0,
HATS-13 b,0.543,1.212,3.0440499,0.04057,0.18,88.55,476,0.962,0.887,5523,0,
HATS-14 b,1.071,1.039,2.7667641,0.03815,0.142,88.83,513,0.967,0.933,5346,0,
HATS-15 b,2.17,1.105,1.74748753,0.02712,0,87.13,689,0.871,0.922,5311,0,
HATS-16 b,3.27,1.3,2.686502,0.03744,0,83.53,774,0.97,1.238,5738,0,
HATS-17 b,1.338,0.777,16.254611,0.1308,0.029,89.08,339,1.131,1.091,5846,0,
HATS-18 b,1.98,1.337,0.8378434,0.01761,0.166,85.5,645,1.037,1.02,5600,0,
HATS-19 b,0.427,1.66,4.569673,0.0589,0.3,86.6,780,1.303,1.74,5896,0,
HATS-2 b,1.345,1.168,1.354133,0.023,0,87.2,360,0.882,0.898,5227,0,
HATS-20 b,0.273,0.776,3.7992969,0.04619,0.5,87.16,454,0.91,0.892,5406,0,
HATS-21 b,0.332,1.123,3.5543973,0.04676,0,85.04,286,1.08,1.021,5695,0,
HATS-22 b,2.74,0.953,4.7228124,0.05025,0.079,87.96,207.9,0.759,0.689,4803,0,
HATS-23 b,1.47,1.86,2.1605156,0.03397,0.114,81.02,747,1.121,1.199,5780,0,
HATS-24 b,2.44,1.487,1.3484954,0.02547,0.24,86.6,510,1.212,1.172,6346,0,
HATS-25 b,0.613,1.26,4.2986432,0.05163,0.088,86.93,466,0.994,1.107,5715,0,
HATS-26 b,0.65,1.75,3.3023881,0.04735,0.122,86.2,907,1.299,2.04,6071,0,
HATS-27 b,0.53,1.5,4.637038,0.0611,0.29,87.3,840,1.415,1.74,6438,0,
HATS-28 b,0.672,1.194,3.1810781,0.04131,0.101,86.17,521,0.929,0.922,5498,0,
HATS-29 b,0.653,1.251,4.6058749,0.05475,0.079,87.37,351,1.032,1.073,5670,0,
HATS-30 b,0.706,1.175,3.1743516,0.04354,0.048,86.84,339,1.093,1.061,5943,0,
HATS-31 b,0.88,1.64,3.37796,0.0478,0.233,85,872,1.275,1.87,6050,0,
HATS-32 b,0.92,1.249,2.8126548,0.04024,0.471,87.1,839,1.099,1.097,5700,0,
HATS-33 b,1.192,1.23,2.5495551,0.03727,0.08,87.62,355,1.062,1.022,5659,0,
HATS-34 b,0.941,1.43,2.1061607,0.03166,0,82.28,532,0.955,0.98,5380,0,
HATS-35 b,1.222,1.464,1.8209933,0.03199,0,86.9,557,1.317,1.433,6300,0,
HATS-36 b,2.79,1.153,4.175186,0.0523,0.294,87.57,878.65,1.1,1.1,5950,0,
HATS-37A b,0.099,0.606,4.3315366,0.04913,0.345,89.33,211.1,0.843,0.877,5326,0,
HATS-38 b,0.074,0.614,4.375021,0.05036,0.122,87.21,347.7,0.89,1.105,5732,0,
HATS-39 b,0.63,1.57,4.5776348,0.06,0.275,84.98,773,1.379,1.621,6572,0,
HATS-4 b,1.323,1.02,2.516729,0.0362,0.013,88.5,420,1.001,0.925,5403,0,
HATS-40 b,1.59,1.58,3.2642736,0.04997,0.312,85.8,1431,1.56,2.26,6460,0,
HATS-41 b,9.7,1.33,4.193649,0.0583,0.38,80.4,800,1.496,1.71,6424,0,
HATS-42 b,1.88,1.4,2.292102,0.03689,0.229,85.1,942,1.273,1.48,6060,0,
HATS-43 b,0.261,1.18,4.3888497,0.04944,0.173,89.24,341,0.837,0.812,5099,0,
HATS-44 b,0.56,1.067,2.7439004,0.03649,0.279,84.65,463,0.86,0.847,5080,0,
HATS-45 b,0.7,1.286,4.1876244,0.05511,0.24,85.61,818,1.272,1.315,6450,0,
HATS-46 b,0.173,0.903,4.7423729,0.05367,0.559,87.32,448,0.917,0.853,5495,0,
HATS-47 b,0.369,1.117,3.9228038,0.04269,0.088,87.08,301.7,0.674,0.6564,4512,0,
HATS-48A b,0.243,0.8,3.1316666,0.03769,0.162,89.58,265.4,0.7279,0.7152,4546,0,
HATS-49 b,0.353,0.765,4.1480467,0.04515,0.071,88.27,324.6,0.7133,0.6977,4405,0,
HATS-5 b,0.237,0.912,4.763387,0.0542,0.019,89.3,257,0.936,0.871,5304,0,
HATS-50 b,0.39,1.13,3.8297015,0.05046,0.516,87.54,717,1.168,1.117,5990,0,
HATS-51 b,0.768,1.41,3.3488702,0.04639,0.33,87.1,478,1.187,1.44,5758,0,
HATS-52 b,2.24,1.382,1.3665436,0.02498,0.246,84.7,631,1.111,1.046,6010,0,
HATS-53 b,0.595,1.34,3.8537768,0.04753,0.33,88.79,613,0.964,1.1,5644,0,
HATS-54 b,0.753,1.015,2.5441765,0.037,0.126,83.67,720,1.05,1.23,5621,0,
HATS-56 b,0.602,1.688,4.324799,0.06043,0.019,83.29,577.1,1.573,2.201,6536,0,
HATS-57 b,3.147,1.13,2.350621,0.03493,0.028,87.88,280,1.026,0.96,5587,0,
HATS-59 b,0.806,1.126,5.416081,0.06112,0.129,88.1,654,1.038,1.036,5670,0,
HATS-60 b,0.662,1.153,3.560829,0.04708,0.191,86.28,494.7,1.1,1.46,5690,0,
HATS-61 b,3.4,1.195,7.817953,0.07908,0.092,87.15,694.2,1.075,1.667,5541,0,
HATS-62 b,0.179,1.055,3.2768837,0.04163,0.298,87.92,515.9,0.911,0.923,5435,0,
HATS-63 b,0.96,1.207,3.0566527,0.04026,0.136,84.86,634.4,0.931,1.07,5626,0,
HATS-64 b,0.96,1.679,4.908897,0.06562,0.151,87.24,1087,1.562,2.113,6560,0,
HATS-65 b,0.821,1.501,3.105161,0.04497,0.062,84.82,491,1.269,1.296,6276,0,
HATS-66 b,5.33,1.411,3.1414391,0.04714,0.064,87.06,1542,1.406,1.851,6606,0,
HATS-67 b,1.45,1.685,1.6091788,0.03032,0.057,79.03,983,1.44,1.44,6605,0,
HATS-68 b,1.29,1.2321,3.5862202,0.05071,0.036,83.21,619,1.337,1.769,6122,0,
HATS-69 b,0.577,0.945,2.2252577,0.03211,0.519,88.49,420.3,0.892,0.8785,5137,0,
HATS-7 b,0.12,0.563,3.185315,0.04012,0,87.92,257,0.849,0.815,4985,0,
HATS-70 b,12.9,1.384,1.8882378,0.03632,0.18,86.7,1307,1.78,1.88,7930,0,
HATS-72 b,0.1254,0.7224,7.3279474,0.066517,0.013,88.56,127.66,0.7311,0.7214,4656.1,0,
HATS-74A b,1.46,1.032,1.73185606,0.02384,0.044,87.9,286.6,0.6,0.5758,3777,0,
HATS-75 b,0.491,0.884,2.7886556,0.032742,0.064,88.7,195.3,0.6017,0.5848,3790.4,0,
HATS-76 b,2.629,1.079,1.9416423,0.02658,0.062,88.24,390,0.662,0.626,4016,0,
HATS-77 b,1.374,1.165,3.0876262,0.03607,0.045,88.44,414,0.655,0.643,4071,0,
HATS-8 b,0.138,0.873,3.583893,0.04667,0.38,87.8,829,1.056,1.086,5679,0,
HATS-9 b,0.839,1.236,1.915291,0.0312,0.129,86.5,654.36,1.1,1.56,5599,0,
HD 106315 b,0.03964,0.218,9.55237,0.0907,0.093,87.54,109,1.09,1.3,6327,0,
HD 106315 c,0.04782,0.388,21.05704,0.1536,0.22,88.61,109,1.09,1.3,6327,0,
HD 10697 b,6.837,1.152,1075.69,2.14,0.1043,69,32.56,1.13,1.79,5600,0,
HD 114082 b,8,1,109.75,0.5109,0.395,90,95.06,1.47,1.49,6651,0,
HD 1397 b,0.415,1.026,11.53533,0.1097,0.251,88.99,79.31,1.322,2.328,5528,0,
HD 149026 b,0.357,0.718,2.8758916,0.04288,0,85.3,78.9,1.3,1.497,6147,0,
HD 17156 b,3.195,1.095,21.2163979,0.1623,0.6768,87.21,78.24,1.275,1.508,6079,0,
HD 183579 b,0.0302,0.3149,17.471278,0.1334,0.28,89.33,57.06,1.031,0.985,5788,0,
HD 189733 b,1.138,1.138,2.219,0.031,0,85.51,19.3,0.8,0.805,4875,0,
HD 191939 b,0.0327,0.3024,8.88029,0.078,0,88.06,53.608,0.81,0.945,5427,0,
HD 191939 c,0.0227,0.2748,28.5805,0.17,0,89.09,53.608,0.81,0.945,5427,0,
HD 191939 d,0.0182,0.2712,38.3525,0.207,0,89.43,53.608,0.81,0.945,5427,0,
HD 202772 A b,1.008,1.562,3.30896,0.0519,0.047,84.2,147.2,1.703,2.614,6230,0,
HD 20329 b,0.02335,0.1534,0.926118,0.018,0,76.01,63.38,0.9,1.13,5596,0,
HD 207897 b,0.05,0.22348,16.202157,0.1164,0.047,88.755,28.25,0.801,0.779,5071,0,
HD 209458 b,0.69,1.38,3.52472,0.04747,0.0082,86.59,47,1.148,1.203,6092,0,
HD 213885 b,0.02778,0.15568,1.008035,0.02012,0,80.09,57.97,1.068,1.101,5978,0,
HD 219134 b,0.01343,0.134,3.093292,0.037,0,85.058,6.55,0.794,0.778,4699,0,
HD 219666 b,0.0522,0.4202,6.03607,0.06356,0,86.38,94.4,0.92,1.03,5527,0,
HD 221416 b,0.1904,0.836,14.2767,0.1228,0.115,85.75,95.075,1.212,2.943,5080,0,
HD 260655 b,0.00673,0.1106,2.76953,0.02933,0.039,87.35,9.9976,0.439,0.439,3803,0,
HD 260655 c,0.00972,0.13677,5.70588,0.04749,0.038,87.79,9.9976,0.439,0.439,3803,0,
HD 2685 b,1.18,1.44,4.12692,0.0568,0,89.4,197.98,1.44,1.57,6801,0,
HD 3167 c,0.0308,0.255,29.83832,0.1841,0.267,89.5,47.36,0.94,0.87,5528,0,
HD 332231 b,0.244,0.867,18.71204,0.1436,0.032,89.68,80.597,1.127,1.277,6089,0,
HD 5278 b,0.0245,0.2186,14.33902,0.12,0.08,89.27,56.12,1.126,1.194,6203,0,
HD 73583 b,0.0321,0.2489,6.398042,0.0604,0.105,88.37,31.6,0.66,0.71,4511,0,
HD 73583 c,0.0302,0.2436,18.8805,0.1233,0.093,89.61,31.6,0.66,0.71,4511,0,
HD 80606 b,4.1641,1.032,111.436765,0.4603,0.93183,89.24,58.4,0.98,0.98,5645,0,
HD 85628 A b,3.1,1.53,2.82406,0.047,0,86.7,171.54,1.75,1.92,7800,0,
HD 89345 b,0.1123,0.612,11.81399,0.105,0.203,87.7,126.6,1.12,1.657,5609,0,
HD 95338 b,0.12406,0.3551,55.086,0.231,0.199,89.35,36.9,0.76,0.86,5212,0,
HD 97658 b,0.02457,0.20047,9.489295,0.08,0.03,89.6,21.1,0.85,0.73,5170,0,
HIP 116454 b,0.0372,0.226,9.1265,0.098,0.205,88.43,55.2,0.775,0.716,5089,0,
HIP 65A b,3.213,2.03,0.9809734,0.01782,0,77.18,61.89,0.781,0.7242,4590,0,
HIP 94235 b,1.192,0.2862,7.712121,0.0787,0.32,87.14,58.61,1.094,1.08,5991,0,
K2-106 b,0.0263,0.162,0.571331,0.0134,0,86.4,246.1,0.97,0.98,5617,0,
K2-106 c,0.018,0.244,13.339079,0.1091,0.18,89.35,246.1,0.97,0.98,5617,0,
K2-110 b,0.0525,0.228,13.86387,0.1027,0.079,89.35,116.84,0.75,0.71,4950,0,
K2-111 b,0.01664,0.162,5.3518,0.057,0.13,86.43,201.7,0.84,1.25,5775,0,
K2-113 b,1.28,1.083,5.817685,0.0642,0,86.44,649.75,1.04,1.24,5660,0,
K2-114 b,1.85,0.952,11.391013,0.0954,0,89.53,484.8,0.89,0.84,5044,0,
K2-124 b,0.033,0.259,6.413651,0.049,0.08,89.03,140.4,0.39,0.39,3570,1,
K2-132 b,0.49,1.3,9.1751,0.0916,0.29,77.56,620.41,1.08,3.85,4840,0,
K2-137 b,0.5,0.079,0.179715,0.0058,0,89.6,99.15,0.46,0.44,3492,1,
K2-138 b,0.0098,0.14,2.35322,0.0338,0.403,86.9,183,0.93,0.86,5378,0,
K2-138 c,0.0198,0.225,3.55987,0.04454,0.296,87.5,183,0.93,0.86,5378,0,
K2-138 d,0.0249,0.237,5.40478,0.05883,0.348,87.9,183,0.93,0.86,5378,0,
K2-138 e,0.0409,0.294,8.26144,0.07807,0.315,88.7,183,0.93,0.86,5378,0,
K2-138 f,0.005,0.251,12.75759,0.1043,0.364,89.03,183,0.93,0.86,5378,0,
K2-138 g,0.0135,0.2688,41.96797,0.231,0.059,89.4,183,0.93,0.86,5378,0,
K2-139 b,0.381,0.813,28.380619,0.1796,0,89.55,154.6,0.96,0.88,5370,0,
K2-140 b,0.93,1.093,6.56918,0.0687,0.12,88.3,341.6,1,0.99,5705,0,
K2-146 b,0.01816,0.183,2.6446,0.027,0.129,88.93,79.31,0.33,0.33,3385,1,
K2-146 c,0.02358,0.195,4.00498,0.034,0.075,87.54,79.31,0.33,0.33,3385,1,
K2-18 b,0.02807,0.211,32.939623,0.1429,0.2,89.5785,38.07,0.36,0.41,3457,1,
K2-182 b,0.063,0.24,4.7369683,0.0526,0.04,89,155.9,0.88,0.8,5165,0,
K2-19 b,0.1019,0.691,7.9194,0.074,0.2,89.47,292.14,0.93,0.86,5430,0,
K2-19 c,0.034,0.434,11.90715,0.0971,0.21,87.99,292.14,0.93,0.86,5430,0,
K2-199 b,0.0217,0.1543,3.2253993,0.0382,0.02,88.35,107.97,0.73,0.68,4648,0,
K2-199 c,0.039,0.2543,7.3744897,0.0662,0.03,87.2,107.97,0.73,0.68,4648,0,
K2-216 b,0.02517,0.156,2.1748,0.028,0,86.9,115.84,0.7,0.72,4503,0,
K2-229 b,0.00815,0.102,0.58426,0.0131,0,83.9,103.8,0.87,0.79,5315,0,
K2-229 c,0.067,0.181,8.32727,0.0769,0,87.94,103.8,0.87,0.79,5315,0,
K2-229 d,0.079,0.2364,31,0.182,0.39,88.92,103.8,0.87,0.79,5315,0,
K2-232 b,0.398,1,11.168454,0.10356,0.258,89.14,131.21,1.19,1.16,6154,0,
K2-233 b,0.0104,0.125,2.46746,0.03317,0,88.79,67.64,0.8,0.74,4950,0,
K2-233 d,0.0261,0.236,24.3662,0.1527,0,89.35,67.64,0.8,0.74,4950,0,
K2-237 b,1.236,1.642,2.1805577,0.0353,0,84.6,309.5,1.23,1.38,6099,0,
K2-238 b,0.86,1.3,3.20466,0.046,0,84.5,453,1.19,1.59,5630,0,
K2-24 b,0.05978,0.482,20.88977,0.154,0.06,89.25,171.39,1.07,1.16,5625,0,
K2-24 c,0.04845,0.669,42.3391,0.247,0.07,89.76,171.39,1.07,1.16,5625,0,
K2-260 b,1.42,1.552,2.6266657,0.0404,0,88.67,676.32,1.39,1.69,6367,0,
K2-261 b,0.223,0.85,11.63344,0.102,0.39,88.4,214.58,1.1,1.65,5537,0,
K2-265 b,0.02058,0.153,2.369172,0.03376,0.084,87.7,139.22,0.92,0.98,5477,0,
K2-266 c,0.00091,0.063,7.814,0.0679,0.042,88.28,77.16,0.69,0.7,4285,0,
K2-266 d,0.028,0.261,14.697,0.1035,0.047,89.46,77.16,0.69,0.7,4285,0,
K2-266 e,0.04499,0.244,19.482,0.1249,0.043,89.45,77.16,0.69,0.7,4285,0,
K2-27 b,0.09722,0.4,6.771315,0.06702,0.251,88.4,251.43,0.87,0.89,5248,0,
K2-280 b,0.1167,0.684,19.895202,0.1488,0.35,89.4,396.9,1.11,1.28,5742,0,
K2-285 b,0.03046,0.231,3.471745,0.03817,0,86.846,155.65,0.83,0.79,4975,0,
K2-285 c,0.04933,0.315,7.138048,0.0824,0,89.861,155.65,0.83,0.79,4975,0,
K2-285 d,0.02045,0.221,10.45582,0.1178,0,89.643,155.65,0.83,0.79,4975,0,
K2-285 e,0.03367,0.174,14.76289,0.18041,0,89.799,155.65,0.83,0.79,4975,0,
K2-287 b,0.315,0.847,14.893291,0.1206,0.478,88.13,159.05,1.06,1.07,5695,0,
K2-29 b,0.73,1.19,3.2588321,0.04217,0.066,86.656,179.39,0.94,0.86,5358,0,
K2-290 b,0.0343,0.273,9.21165,0.0923,0,88.14,274.99,1.19,1.51,6302,0,
K2-290 c,0.774,1.006,48.36685,0.305,0,89.37,274.99,1.19,1.51,6302,0,
K2-291 b,0.02042,0.142,2.225177,0.03261,0,85.26,90.29,0.93,0.9,5520,0,
K2-292 b,0.07709,0.235,16.9841,0.13,0.04,88.4,114.29,1,1.09,5725,0,
K2-295 b,0.335,0.897,4.024867,0.0451,0,89.3,225.7,0.74,0.7,4444,0,
K2-3 b,0.02039,0.194,10.054626,0.0775,0,89.588,45,0.6,0.56,3896,0,
K2-3 c,0.00673,0.165,24.646582,0.1405,0,89.905,45,0.6,0.56,3896,0,
K2-3 d,0.00881,0.135,44.55646,0.2086,0,89.788,45,0.6,0.56,3896,0,
K2-30 b,0.579,1.039,4.098503,0.04839,0,86.92,336.26,0.9,0.84,5425,0,
K2-314 b,0.02753,0.174,3.5951,0.047,0.06,86.14,324.7,1.05,1.71,5430,0,
K2-314 c,0.04616,0.3274,15.624,0.13,0.07,87.94,324.7,1.05,1.71,5430,0,
K2-32 b,0.047,0.443,8.991828,0.08035,0.03,89,158.39,0.86,0.84,5315,0,
K2-32 c,0.0255,0.244,20.66186,0.1399,0.049,89.4,158.39,0.86,0.84,5315,0,
K2-32 d,0.0211,0.292,31.7142,0.1862,0.05,89.4,158.39,0.86,0.84,5315,0,
K2-32 e,0.0066,0.09,4.34882,0.04951,0.043,89,158.39,0.86,0.84,5315,0,
K2-33 b,3.7,0.45,5.424865,0.0409,0,89.1,139.8,0.56,1.05,3540,1,
K2-34 b,1.78,1.245,2.995633,0.0426,0,82.06,352.34,1.15,1.44,6071,0,
K2-36 b,0.01227,0.128,1.422614,0.0223,0,84.45,110.09,0.79,0.72,4916,0,
K2-36 c,0.02454,0.2783,5.3410507,0.054,0,86.917,110.09,0.79,0.72,4916,0,
K2-38 b,0.06,0.17,4.01593,0.04994,0.197,87.28,193.71,2.24,1.38,5757,0,
K2-38 c,0.03115,0.216,10.56103,0.0964,0.161,88.61,193.71,2.24,1.38,5757,0,
K2-39 b,0.09,0.56,4.60543,0.062,0,80.39,310.14,0.66,2.97,4881,0,
K2-55 b,0.138,0.341,2.849258,0.03486,0.124,88,160.26,0.7,0.63,4456,0,
K2-60 b,0.426,0.683,3.00265,0.045,0,88.49,498.7,0.97,1.12,5500,0,
K2-66 b,0.06702,0.222,5.06963,0.05983,0,86.6,520.43,1.11,1.67,5887,0,
K2-95 b,1.67,0.346,10.134016,0.0696,0.16,89.25,180.63,0.44,0.42,3548,1,
K2-99 b,0.87,1.046,18.24783,0.153,0.22,87.7,522.29,1.63,2.63,6217,0,
kappa And b,13,1.2,215000,100,0.69,121,50,2.8,2.29,11361,0,
KELT-1 b,27.23,1.15,1.217514,0.02472,0.01,87.6,263,1.335,1.471,6516,0,
KELT-11 b,0.195,1.3,4.736529,0.06229,0,85.8,98,1.438,2.72,5370,0,
KELT-12 b,0.95,1.79,5.0316144,0.0617,0,84.45,360,1.239,1.291,6330,0,
KELT-18 b,1.18,1.57,2.8717518,0.0455,0,88.86,311,1.524,1.908,6670,0,
KELT-3 b,1.418,1.333,2.7033902,0.04117,0,84.6,178,1.282,1.482,6304,0,
KELT-4 A b,0.884,1.706,2.9895933,0.04321,0.03,83.11,211,1.204,1.61,6207,0,
KELT-8 b,0.874,1.86,3.24406,0.04571,0.035,82.65,236,1.211,1.67,5754,0,
Kepler-10 b,0.0145,0.132,0.837491,0.0172,0.06,85.1,186.5,0.91,1.06,5708,0,
Kepler-10 c,0.02319,0.2097,45.2946,0.241,0.05,89.59,186.5,0.91,1.06,5708,0,
Kepler-101 b,0.16,0.51,3.4876812,0.0474,0.086,85.82,953.44,1.17,1.56,5667,0,
Kepler-101 c,0.01,0.112,6.02976,0.0684,0,84.6,953.44,1.17,1.56,5667,0,
Kepler-102 e,0.028,0.198,16.1457,0.117,0,89.56,108.13,0.81,0.76,4909,0,
Kepler-103 b,0.031,0.301,15.9654,0.133,0.17,87.914,501.93,1.09,1.44,5845,0,
Kepler-103 c,0.114,0.459,179.612,0.6679,0.1,89.704,501.93,1.09,1.44,5845,0,
Kepler-105 b,0.016,0.429,5.4122,0.066,0.47,85.94,465.33,0.96,0.89,5827,0,
Kepler-107 b,0.01104,0.137,3.1800218,0.04544,0,89.05,525.5,1.24,1.45,5854,0,
Kepler-107 c,0.02954,0.142,4.901452,0.06064,0,89.49,525.5,1.24,1.45,5854,0,
Kepler-107 d,0.01196,0.077,7.95839,0.08377,0,87.55,525.5,1.24,1.45,5854,0,
Kepler-107 e,0.02706,0.259,14.749143,0.12639,0,89.67,525.5,1.24,1.45,5854,0,
Kepler-11 b,0.006,0.161,10.3039,0.091,0.045,89.64,658.59,0.96,1.06,5663,0,
Kepler-11 c,0.009,0.256,13.0241,0.107,0.026,89.59,658.59,0.96,1.06,5663,0,
Kepler-11 d,0.023,0.278,22.6845,0.155,0.004,89.67,658.59,0.96,1.06,5663,0,
Kepler-11 e,0.025,0.374,31.9996,0.195,0.012,88.89,658.59,0.96,1.06,5663,0,
Kepler-11 f,0.006,0.222,46.6888,0.25,0.013,89.47,658.59,0.96,1.06,5663,0,
Kepler-11 g,0.079,0.297,118.3807,0.466,0.15,89.87,658.59,0.96,1.06,5663,0,
Kepler-117 b,0.094,0.719,18.7959228,0.1445,0.0493,88.74,1430,1.13,1.61,6150,0,
Kepler-117 c,1.84,1.101,50.790391,0.2804,0.0323,89.64,1430,1.13,1.61,6150,0,
Kepler-12 b,0.432,1.754,4.4379629,0.0553,0.01,88.796,904.4,1.17,1.48,5947,0,
Kepler-138 b,0.00021,0.047,10.3126,0.0746,0,89.95,66.99,0.52,0.44,3841,0,
Kepler-15 b,0.66,0.96,4.942782,0.05714,0.06,87.44,755.38,1.02,0.99,5515,0,
Kepler-1514 b,5.28,1.108,217.83184,0.753,0.401,89.944,389.3,1.2,1.29,6145,0,
Kepler-1654 b,0.5,0.819,1047.8356,2.026,0.26,89.982,577.6,1.01,1.18,5597,0,
Kepler-1655 b,0.01573,0.197,11.8728787,0.103,0,87.62,214.58,1.03,1.03,6148,0,
Kepler-1656 b,0.1504,0.448,31.562,0.1974,0.838,89.31,186.88,1.03,1.1,5731,0,
Kepler-1658 b,5.88,1.07,3.84937278,0.0544,0.0628,76.52,806.07,1.45,2.89,6216,0,
Kepler-167 d,0.006,0.107,21.803855,0.1405,0.12,89.352,330,0.77,0.73,4890,0,
Kepler-167 e,4,0.906,1071.23228,1.89,0.062,89.976,330,0.77,0.73,4890,0,
Kepler-17 b,2.45,1.31,1.4857108,0.02591,0.011,87.2,800,1.16,1.05,5781,0,
Kepler-18 b,0.022,0.178,3.504725,0.0447,0,84.92,438.51,0.97,1.11,5345,0,
Kepler-18 c,0.054,0.49,7.64159,0.0752,0,87.68,438.51,0.97,1.11,5345,0,
Kepler-18 d,0.052,0.623,14.85888,0.1172,0,88.07,438.51,0.97,1.11,5345,0,
Kepler-19 b,0.02643,0.198,9.28716,0.085,0.12,89.94,219.95,0.94,0.86,5544,0,
Kepler-20 b,0.03052,0.167,3.69611525,0.0463,0.03,87.355,284.88,0.95,0.96,5495,0,
Kepler-20 c,0.04012,0.272,10.85409089,0.0949,0.16,89.815,284.88,0.95,0.96,5495,0,
Kepler-20 d,0.03168,0.245,77.61130017,0.3506,0.6,89.708,284.88,0.95,0.96,5495,0,
Kepler-21 b,0.01598,0.146,2.78578,0.042717,0.02,83.2,108.86,1.41,1.9,6305,0,
Kepler-22 b,0.113,0.212,289.8623,0.849,0,89.764,190,0.97,0.98,5518,0,
Kepler-223 b,0.02328,0.267,7.38449,0.073,0.078,90,1960.49,1.12,1.72,5829,0,
Kepler-223 c,0.01605,0.307,9.84564,0.088,0.15,90,1960.49,1.12,1.72,5829,0,
Kepler-223 d,0.02517,0.467,14.78869,0.116,0.037,87.94,1960.49,1.12,1.72,5829,0,
Kepler-223 e,0.0151,0.41,19.72567,0.14,0.051,88,1960.49,1.12,1.72,5829,0,
Kepler-25 b,0.0275,0.245,6.238297,0.068,0.0029,92.827,244.96,1.19,1.31,6270,0,
Kepler-25 c,0.0479,0.465,12.7207,0.11,0.0061,92.764,244.96,1.19,1.31,6270,0,
Kepler-289 b,0.023,0.192,34.545,0.21,0.024,89.59,700,1.08,1,5990,0,
Kepler-289 c,0.42,1.034,125.8518,0.51,0.0115,89.794,700,1.08,1,5990,0,
Kepler-289 d,0.013,0.239,66.0634,0.33,0.0033,89.73,700,1.08,1,5990,0,
Kepler-29 b,0.01573,0.227,10.33974,0.09,0,89.13,851.9,0.76,0.73,5378,0,
Kepler-30 b,0.036,0.348,29.33434,0.18,0.042,90.179,938.33,0.99,0.95,5498,0,
Kepler-30 c,2.01,1.097,60.323105,0.3,0.0111,90.323,938.33,0.99,0.95,5498,0,
Kepler-30 d,0.073,0.785,143.34394,0.5,0.022,89.841,938.33,0.99,0.95,5498,0,
Kepler-34 (AB) b,0.22,0.7637,288.822,1.0896,0.182,90.355,1499,2.0687,1.1,5913,0,
Kepler-35 (AB) b,0.1268,0.728,131.458,0.60347,0.042,90.76,1645,1.6971,1,5606,0,
Kepler-36 c,0.02243,0.328,16.21865,0.1283,0,89.36,470,1.03,1.63,5979,0,
Kepler-37 b,0.01,0.026,13.36731,0.1003,0,88.63,64.04,0.87,0.79,5417,0,
Kepler-37 d,0.017,0.173,39.7922,0.2109,0.142,89.335,64.04,0.87,0.79,5417,0,
Kepler-39 b,20.1,1.24,21.08721,0.164,0.112,89.07,1090.44,1.29,1.4,6350,0,
Kepler-391 c,1.416,0.316,20.485435,0.161,0.27,87.27,891.53,1.22,3.57,4940,0,
Kepler-4 b,0.077,0.357,3.21346,0.0456,0,89.76,550,1.22,1.49,5857,0,
Kepler-40 b,2.2,1.17,6.87349,0.08,0,89.7,2700,1.48,2.13,6510,0,
Kepler-41 b,0.56,1.29,1.8555582,0.03101,0,82.51,1128.11,1.15,1.29,5750,0,
Kepler-411 b,0.08055,0.214,3.005156,0.0375,0.146,87.4,153.59,0.87,0.82,4974,0,
Kepler-411 c,0.08306,0.394,7.834435,0.0739,0.108,88.61,153.59,0.87,0.82,4974,0,
Kepler-411 d,0.04782,0.296,58.02035,0.279,0.128,89.43,153.59,0.87,0.82,4974,0,
Kepler-412 b,0.941,1.341,1.7208604,0.02897,0.0038,80.559,1121.32,1.17,1.29,5750,0,
Kepler-419 b,2.5,0.96,69.7546,0.37,0.833,88.95,1041.31,1.39,1.74,6430,0,
Kepler-423 b,0.595,1.192,2.6843285,0.03585,0.019,87.828,725,0.85,0.95,5560,0,
Kepler-425 b,0.25,0.978,3.79701816,0.0464,0.33,87.02,650,0.93,0.86,5170,0,
Kepler-426 b,0.34,1.09,3.21751883,0.0414,0.18,85.74,880,0.91,0.92,5725,0,
Kepler-427 b,0.29,1.23,10.290994,0.091,0.57,89.5,1100,0.96,1.35,5800,0,
Kepler-428 b,1.27,1.08,3.52563254,0.0433,0.22,89.36,720,0.87,0.8,5150,0,
Kepler-43 b,3.23,1.219,3.0240949,0.046,0.025,84.646,1035.9,1.32,1.42,6041,0,
Kepler-432 b,5.41,1.145,52.501129,0.301,0.5134,88.17,870,1.32,4.06,4995,0,
Kepler-433 b,2.82,1.45,5.33408384,0.0679,0.119,89.21,1870,1.46,2.26,6360,0,
Kepler-434 b,2.86,1.13,12.8747099,0.1143,0.131,86.46,1240,1.2,1.38,5977,0,
Kepler-435 b,0.84,1.99,8.6001536,0.0948,0.114,85.51,2070,1.54,3.21,6161,0,
Kepler-44 b,1,1.09,3.2467293,0.0446,0.066,84.96,1229.15,1.12,1.35,5800,0,
Kepler-447 b,1.37,1.65,7.79430132,0.0769,0.123,86.55,270.12,1,1.05,5493,0,
Kepler-45 b,0.505,0.96,2.455239,0.03,0.11,87,333,0.59,0.55,3820,0,
Kepler-454 b,0.01905,0.21,10.57,0.0954,0,87.09,232.41,0.85,1.05,5701,0,
Kepler-46 b,6,0.808,33.60134,0.1968,0.01,89.038,794.54,0.902,0.79,5309,0,
Kepler-492 b,39.9,0.856,11.72012266,0.0987,0.031,88.456,642,0.94,0.91,5527,0,
Kepler-5 b,2.111,1.426,3.5484657,0.0538,0,89.14,923.41,1.37,1.79,6297,0,
Kepler-538 b,0.03335,0.198,81.73778,0.4669,0.041,89.73,156.66,0.89,0.87,5547,0,
Kepler-539 b,0.97,0.747,125.63243,0.4988,0.39,89.845,310.01,1.05,0.95,5820,0,
Kepler-56 b,0.07,0.581,10.5016,0.1028,0.04,83.84,936.96,1.32,4.23,4840,0,
Kepler-56 c,0.57,0.874,21.40239,0.1652,0,84.02,936.96,1.32,4.23,4840,0,
Kepler-59 b,2.05,0.098,11.8681707,0.112,0.09,88.4,1203.57,1.04,0.94,6074,0,
Kepler-59 c,1.37,0.177,17.9801235,0.148,0.09,88.8,1203.57,1.04,0.94,6074,0,
Kepler-6 b,0.668,1.304,3.2346996,0.04852,0,88.93,597.14,1.21,1.39,5647,0,
Kepler-63 b,0.378,0.545,9.4341505,0.08,0.45,87.806,200,0.98,0.9,5576,0,
Kepler-68 b,0.02407,0.206,5.3988,0.0617,0,87.6,144.77,1.08,1.24,5793,0,
Kepler-68 c,0.00642,0.0827,9.6051,0.09059,0,86.93,144.77,1.08,1.24,5793,0,
Kepler-7 b,0.441,1.622,4.8854892,0.06067,0.1,85.161,947.46,1.36,1.97,5933,0,
Kepler-74 b,0.63,0.96,7.340711,0.0781,0,87.46,1218.33,1.18,1.12,6000,0,
Kepler-75 b,10.1,1.05,8.8849116,0.0818,0.57,89.12,855.5,0.91,0.89,5200,0,
Kepler-77 b,0.43,0.96,3.57878087,0.04501,0,88,570,0.95,0.99,5520,0,
Kepler-79 b,0.0343,0.31,13.4845,0.117,0.015,88.78,1051.43,1.17,1.3,6174,0,
Kepler-79 c,0.019,0.332,27.4029,0.187,0.03,89.48,1051.43,1.17,1.3,6174,0,
Kepler-79 d,0.019,0.639,52.0902,0.287,0.025,89.93,1051.43,1.17,1.3,6174,0,
Kepler-79 e,0.013,0.311,81.0659,0.386,0.012,89.13,1051.43,1.17,1.3,6174,0,
Kepler-8 b,0.59,1.416,3.5224991,0.0474,0,83.978,1052.9,1.21,1.49,6213,0,
Kepler-82 b,0.03823,0.363,26.44,0.1683,0.0033,89.052,927.97,0.91,0.9,5428,0,
Kepler-82 c,0.04373,0.476,51.54,0.2626,0.007,90.15,927.97,0.91,0.9,5428,0,
Kepler-87 b,1.02,1.204,114.73635,0.481,0.036,89.274,1277.88,1.1,1.82,5600,0,
Kepler-87 c,0.02,0.548,191.2318,0.676,0.039,89.588,1277.88,1.1,1.82,5600,0,
Kepler-89 b,0.033,0.153,3.743208,0.05119,0.25,89.3,483.65,1.28,1.52,6182,0,
Kepler-89 c,0.049,0.385,10.423648,0.1013,0.43,88.36,483.65,1.28,1.52,6182,0,
Kepler-89 d,0.334,1.005,22.342989,0.1684,0.022,89.871,483.65,1.28,1.52,6182,0,
Kepler-89 e,0.11,0.585,54.32031,0.3046,0.019,89.76,483.65,1.28,1.52,6182,0,
Kepler-9 b,0.13655,0.74,19.23891,0.143,0.0609,88.982,614,1.02,0.96,5774,0,
Kepler-9 c,0.09408,0.721,38.9853,0.227,0.06691,89.188,614,1.02,0.96,5774,0,
Kepler-91 b,0.81,1.367,6.24658,0.0731,0.066,69.68,1344.56,1.31,6.3,4550,0,
Kepler-93 b,0.0143,0.14,4.72674,0.053,0,89.18,96.18,1.09,0.98,5669,0,
KOI-12 b,1.1,1.23,17.855182,0.154,0.34,88.95,403.99,1.5,1.4,6820,0,
KOI-1257 b,1.45,0.94,86.647661,0.382,0.772,89.66,900,0.99,1.13,5520,0,
KOI-13 b,9.28,1.512,1.763588,0.03641,0.00064,86.77,415,1.72,1.74,7650,0,
KOI-1599.01,0.01447,0.17,20.4415,0.14728,0.014,89.78,1168.99,1.02,0.97,5370,0,
KOI-1599.02,0.02832,0.17,13.6088,0.112293,0.0114,88.6,1168.99,1.02,0.97,5370,0,
KOI-3680 b,1.93,0.99,141.241671,0.534,0.496,89.892,946.59,1.01,0.96,5830,0,
KOI-415 b,62.14,0.79,166.78805,0.593,0.698,89.31,962.56,0.94,1.25,5810,0,
KOI-4777,0.00107,0.0455,0.412,0.008,0,87,170.66,0.41,0.4,3515,1,
L 168-9 b,0.0145,0.124,1.4015,0.02091,0.21,85.5,25.15,0.62,0.6,3800,0,
L 98-59 b,0.0013,0.0758,2.2531136,0.02191,0.1,87.71,10.623,0.32,0.291,3500,1,
L 98-59 c,0.00698,0.12356,3.6906777,0.0304,0.103,88.11,10.623,0.32,0.291,3500,1,
L 98-59 d,0.0061,0.1357,7.4507245,0.0486,0.074,88.449,10.623,0.32,0.291,3500,1,
LHS 1140 b,0.02196,0.15407,24.736,0.0936,0.06,89.912,12.47,0.146,0.186,3131,1,
LHS 1140 c,0.00569,0.11437,3.777931,0.02675,0.31,89.92,12.47,0.146,0.186,3131,1,
LHS 1678 b,0.00019,0.06209,0.8602322,0.01251,0.041,87.55,19.89,0.345,0.329,3490,1,
LHS 1678 c,0.00123,0.08761,3.694237,0.0331,0.034,89.09,19.89,0.345,0.329,3490,1,
LHS 1815 b,0.0132,0.09707,3.81433,0.0404,0,88.125,29.87,0.502,0.501,3643,1,
LP 714-47 b,0.0969,0.419,4.052037,0.0417,0.04,87.3,52.7,0.59,0.584,3950,0,
LTT 1445A b,0.00903,0.11643,5.3587657,0.03813,0.11,89.68,6.9,0.256,0.27,3340,1,
LTT 1445A c,0.00485,0.10233,3.1239035,0.0266,0.223,87.43,6.9,0.256,0.27,3340,1,
LTT 3780 b,0.00982,0.11883,0.7683881,0.012,0.064,85.9,21.981,0.401,0.374,3360,1,
LTT 3780 c,0.0267,0.205,12.252048,0.077,0.115,89.08,21.981,0.401,0.374,3360,1,
LTT 9779 b,0.09225,0.4211,0.792052,0.01679,0,76.39,80.6,1,0.92,5445,0,
MASCARA-1 b,3.7,1.5,2.14878,0.043,0,87,188.7,1.72,2.1,7554,0,
MASCARA-3 b,5.18,1.272,5.5514926,0.06971,0.085,89.16,96.79,1.461,1.506,6508,0,
NGTS-1 b,0.812,1.33,2.647298,0.0326,0.016,82.8,224,0.617,0.573,3916,0,
NGTS-11 b,0.37,0.823,35.455285,0.2,0.11,89.12,191.5,0.862,0.832,5050,0,
NGTS-13 b,4.84,1.142,4.119027,0.0549,0.086,88.7,657,1.3,1.788,5918,0,
NGTS-14A b,0.092,0.44,3.5357173,0.0403,0,86.7,325.1,0.898,0.842,5187,0,
NGTS-2 b,0.67,1.536,4.5111204,0.0584,0,87.66,360.3,1.64,1.702,6478,0,
NGTS-21 b,2.36,1.33,1.5433897,0.0236,0,83.85,641,0.72,0.86,4660,0,
NGTS-23 b,0.613,1.267,4.076,0.0504,0,89.12,991,1.01,1.24,6057,0,
NGTS-24 b,0.52,1.214,3.4678796,0.0479,0,82.61,723,1.26,1.64,5820,0,
NGTS-25 b,0.639,1.023,2.823093,0.0388,0,89.34,517,0.91,0.86,5321,0,
NGTS-3A b,2.38,1.48,1.6753728,0.023,0,89.56,1010,1.017,0.93,5570,0,
NGTS-4 b,0.0648,0.2837,1.3373508,0.019,0,82.5,282.6,0.75,0.84,5143,0,
NGTS-5 b,0.229,1.136,3.3569866,0.0382,0,86.6,309.5,0.661,0.739,4987,0,
NGTS-6 b,1.33,1.271,0.882058,0.016623018,0,80.23,311,0.7876,0.656,4410,0,
NGTS-8 b,0.93,1.09,2.4997,0.035,0.01,86.9,434.273,0.89,0.98,5241,0,
NGTS-9 b,2.9,1.07,4.43527,0.058,0.06,84.1,619.732,1.34,1.38,6330,0,
OGLE-TR-10 b,0.68,1.72,3.10129,0.04162,0,84.5,1248,1.18,1.16,6075,0,
OGLE-TR-111 b,0.54,1.077,4.01451,0.047,0,88.1,1114,0.82,0.831,5070,0,
OGLE-TR-113 b,1.24,1.11,1.4324772,0.0229,0,89.4,592,0.78,0.765,4752,0,
OGLE-TR-132 b,1.17,1.23,1.689868,0.0306,0,83.4,2330,1.26,1.34,6210,0,
OGLE-TR-182 b,1.06,1.47,3.9791,0.051,0,85.7,2930,1.14,1.14,5924,0,
OGLE-TR-211 b,0.75,1.26,3.67724,0.051,0,87.2,1830,1.33,1.64,6325,0,
OGLE-TR-56 b,1.3,1.2,1.211909,0.0225,0,78.8,2252,1.17,1.32,,0,
pi Men c,0.01142,0.16719,6.267852,0.06702,0.15,87.553,18.37,1.094,1.1,6037,0,
Qatar-1 b,1.294,1.143,1.42002504,0.02332,0,84.08,187,0.838,0.803,5013,0,
Qatar-10 b,0.736,1.534,1.645321,0.0286,0,85.87,539,1.156,1.254,6124,0,
Qatar-2 b,2.494,1.254,1.33711647,0.02153,0,86.12,182.32,0.74,0.78,4645,0,
Qatar-6 A b,0.668,1.062,3.506189,0.0423,0,86.01,101,0.822,0.722,5052,0,
Qatar-7 b,1.88,1.7,2.032046,0.0352,0,89,725,1.409,1.564,6387,0,
Qatar-8 b,0.371,1.285,3.71495,0.0474,0,89.29,276.7,1.029,1.315,5687,0,
Qatar-9 b,1.19,1.009,1.540731,0.0234,0,89.23,211.4,0.719,0.696,4309,0,
tau Boo A b,5.84,1.06,3.31249,0.046,0.0787,45,15.6,1.3,1.331,6309,0,
TIC 237913194 b,1.942,1.117,15.168865,0.1207,0.575,87,309.6,1.026,1.088,5788,0,
TOI-1062 b,0.032,0.20198,4.11412,0.052,0.179,85.908,82.2,0.94,0.84,5328,0,
TOI-1064 b,0.0425,0.2308,6.443868,0.06152,0.047,87.71,68.81,0.748,0.726,4734,0,
TOI-1064 c,0.0079,0.23651,12.226574,0.09429,0.088,88.455,68.81,0.748,0.726,4734,0,
TOI-1107 b,3.35,1.3,4.0782387,0.0561,0.025,88.63,283.61,1.35,1.81,6311,0,
TOI-1130 c,0.974,1.5,8.350381,0.07098,0.047,87.43,58.26,0.684,0.687,4250,0,
TOI-1201 b,0.01976,0.21545,2.4919863,0.0287,0,88.11,37.636,0.512,0.508,3476,1,
TOI-1231 b,0.0485,0.3256,24.245586,0.1288,0.087,89.73,27.4932,0.485,0.476,3562,1,
TOI-1238 b,0.01183,0.1079,0.764597,0.0139,0.25,86.51,70.6424,0.59,0.58,4089,0,
TOI-1238 c,0.02618,0.1882,3.294736,0.037,0.15,88.38,70.6424,0.59,0.58,4089,0,
TOI-125 b,0.0299,0.2432,4.65382,0.05186,0.194,88.92,111.4,0.859,0.848,5320,0,
TOI-125 c,0.02086,0.24614,9.15059,0.0814,0.066,88.54,111.4,0.859,0.848,5320,0,
TOI-125 d,0.0428,0.2614,19.98,0.137,0.168,88.795,111.4,0.859,0.848,5320,0,
TOI-1259A b,0.441,1.022,3.47798,0.0407,0,89.7,118.11,0.68,0.739,4775,0,
TOI-1260 b,0.02693,0.215,3.127463,0.0367,0,89.03,73.41,0.66,0.65,4227,0,
TOI-1260 c,0.0415,0.2462,7.493134,0.0657,0,87.97,73.41,0.66,0.65,4227,0,
TOI-1260 d,0.03725,0.2783,16.608,0.1116,0,89.14,73.41,0.66,0.65,4227,0,
TOI-1266 b,0.05,0.2114,10.894843,0.0736,0.09,89.5,36.05,0.45,0.42,3600,1,
TOI-1266 c,0.0201,0.1392,18.80151,0.1058,0.04,89.3,36.05,0.45,0.42,3600,1,
TOI-1268 b,0.29,0.82,8.1577094,0.072,0.09,88.98,110,0.96,0.92,5200,0,
TOI-1278 b,18.5,1.09,14.47567,0.095,0.013,88.3,75.47,0.55,0.573,3799,0,
TOI-1288 b,42,0.4675,2.6998,0.0429,0.064,88.3,114.7,0.89,1.01,5225,0,
TOI-132 b,0.07183,0.306,2.1097008,0.026,0.087,84.63,164.47,0.97,0.9,5397,0,
TOI-1333 b,2.37,1.396,4.720219,0.0626,0.073,85.7,200.4,1.464,1.925,6274,0,
TOI-1422 b,0.028,0.3533,12.9972,0.108,0.04,89.52,154.56,0.981,1.019,5840,0,
TOI-1431 b/MASCARA-5 b,3.14,1.508,2.65022,0.047,0.01,80.4,149.6,1.9,1.92,7690,0,
TOI-1452 b,0.01517,0.14917,11.06201,0.061,0,89.77,30.5043,0.249,0.275,3185,1,
TOI-1478 b,0.847,1.06,10.180249,0.0903,0.025,88.51,153,0.946,1.05,5595,0,
TOI-150 b,2.51,1.255,5.857487,0.0643,0.262,88.09,336,1.249,1.551,6029,0,
TOI-157 b,1.18,1.286,2.0845435,0.0318,0,82.01,362.1,0.948,1.167,5404,0,
TOI-1601 b,0.99,1.239,5.331751,0.06864,0.036,88.84,336,1.517,2.186,5948,0,
TOI-163 b,1.22,1.489,4.231306,0.058,0,87.24,416.7,1.4352,1.648,6495,0,
TOI-1634 b,0.01545,0.1597,0.989343,0.01545,0.16,88.2,35.274,0.502,0.45,3550,1,
TOI-1670 b,0.0434,0.1838,10.98462,0.103,0.59,86.87,165.72,1.21,1.316,6170,0,
TOI-1670 c,0.63,0.987,40.74976,0.249,0.09,88.84,165.72,1.21,1.316,6170,0,
TOI-169 b,0.791,1.086,2.2554477,0.03524,0,80.98,412.5,1.147,1.288,5880,0,
TOI-1695 b,0.0182,0.17,3.1342788,0.033548,0.1,87.2,44.99,0.54,0.53,3630,1,
TOI-1696 b,0.1787,0.2891,2.50031,0.0235,0,88.461,65.03,0.255,0.2775,3185,1,
TOI-1710 b,0.089,0.4764,24.283429,0.16,0.16,89.6,81.1376,0.984,0.968,5665,0,
TOI-172 b,5.41,0.965,9.47721,0.0913,0.3805,88.3,336.47,1.124,1.774,5644,0,
TOI-1728 b,0.08426,0.4505,3.49151,0.0391,0.057,88.31,60.8,0.646,0.6243,3980,0,
TOI-1749 b,0.06,0.124,2.38839,0.0291,0.02,86.4,99.56,0.58,0.55,3985,0,
TOI-1749 c,0.0066,0.1891,4.4929,0.0443,0.007,88.8,99.56,0.58,0.55,3985,0,
TOI-1749 d,0.0135,0.2248,9.0497,0.0707,0.015,88.53,99.56,0.58,0.55,3985,0,
TOI-1759 b,0.0214,0.273,18.849975,0.1176,0,89.2,40.12,0.61,0.6,4036,0,
TOI-179 b,0.0758,0.2436,4.1374386,0.0476,0.34,87,38.585,0.807,0.798,5083,0,
TOI-181 b,0.13,0.6183,4.53206,0.05578,0.19,88.4,96.2338,0.781,0.74,4994,0,
TOI-1811 b,0.974,1,3.7130818,0.04393,0.061,86.41,128.3,0.819,0.773,4673,0,
TOI-1820 b,2.3,1.12,4.8607,0.069,0.043,85.4,250,1.04,1.51,5734,0,
TOI-1899 b,0.66,1.37,29.02,0.1587,0.118,89.77,128.4,0.627,0.607,3841,0,
TOI-1937 b,2.01,1.247,0.94667944,0.01932,0,77,418.7,1.072,1.08,5814,0,
TOI-2000 b,0.0324,0.2355,3.098331,0.0426,0,84.73,173.6,1.074,1.113,5607,0,
TOI-2000 c,0.2382,0.711,9.1270553,0.0875,0.064,87.94,173.6,1.074,1.113,5607,0,
TOI-2025 b,4.4,1.12,8.872086,0.089,0.44,88.6,339,1.32,1.56,5880,0,
TOI-2136 b,0.0148,0.1865,7.85191,0.054,0.07,89.441,33.36,0.34,0.34,3342,1,
TOI-2145 b,5.35,1.103,10.261081,0.1108,0.18,87.41,124.6,1.72,2.738,6189,0,
TOI-2152 b,2.83,1.281,3.3773512,0.05064,0.057,86.42,302.8,1.516,1.612,6630,0,
TOI-2154 b,0.92,1.453,3.6240801,0.0513,0.117,83.37,296.3,1.233,1.396,6280,0,
TOI-2158 b,0.82,0.96,8.60077,0.074,0.031,85.7,200,1.12,1.41,5673,0,
TOI-216 b,0.0558,0.6861,17.0991,0.1293,0.161,88.588,178.89,0.77,0.747,5045,0,
TOI-216 c,0.528,0.901,34.5507,0.2068,0.0062,89.792,178.89,0.77,0.747,5045,0,
TOI-2180 b,2.755,1.01,260.158,0.828,0.368,89.955,116.3,1.111,1.636,5695,0,
TOI-2193 b,0.94,1.77,2.1225735,0.03319,0,79.96,345.3,1.082,1.248,5966,0,
TOI-2196 b,0.082,0.3131,1.1947268,0.02234,0,81.11,263.98,1.032,1.043,5634,0,
TOI-220 b,0.0428,0.2694,10.695264,0.0892,0.029,87.86,89,0.825,0.858,5298,0,
TOI-2202 b,0.978,1,11.9101,0.09564,0.042,88.4,235.93,0.823,0.794,5144,0,
TOI-2207 b,0.64,0.995,8.001968,0.0854,0.174,88.84,380.6,1.296,1.564,6101,0,
TOI-2257 b,0.0179,0.19574,35.189346,0.145,0.496,89.786,57.7911,0.33,0.311,3430,1,
TOI-2285 b,0.0614,0.1552,27.26955,0.1363,0.3,89.66,42.409,0.454,0.464,3491,1,
TOI-2364 b,0.225,0.768,4.0197517,0.04871,0,88.98,218.63,0.954,0.886,5306,0,
TOI-2406 b,0.0286,0.2623,3.0766896,0.0228,0.26,89.63,55.6,0.162,0.202,3100,1,
TOI-2497 b,5.21,1,10.655661,0.1167,0.196,88.11,285.1,1.86,2.358,7360,0,
TOI-251 b,1,0.2444,4.93777,0.05741,0,87.52,99.52,1.036,0.881,5875,0,
TOI-257 b,0.134,0.626,18.38827,0.1523,0.24,88.78,77.07,1.389,1.926,6075,0,
TOI-2583 b,0.25,1.29,4.5207265,0.0571,0,88.16,561.2,1.215,1.477,5936,0,
TOI-2587 b,0.218,1.077,5.45664,0.0635,0,84.81,381,1.15,1.726,5760,0,
TOI-263 b,61.6,0.91,0.5568143,0.0098,0.017,87,279,0.4,0.405,3250,1,
TOI-269 b,0.0277,0.2471,3.6977104,0.0345,0.425,88.14,57.023,0.3917,0.398,3514,1,
TOI-270 b,0.006,0.11125,3.36008,0.0306,0,88.65,22.453,0.4,0.38,3386,1,
TOI-270 c,0.0208,0.2159,5.660172,0.0472,0,89.53,22.453,0.4,0.38,3386,1,
TOI-270 d,0.017,0.19,11.38014,0.0733,0,89.69,22.453,0.4,0.38,3386,1,
TOI-2796 b,0.44,1.59,4.8084983,0.04089,0,84.9,352.4,1.063,1.069,5764,0,
TOI-2803 b,0.975,1.616,1.96229325,0.03185,0,89,501.1,1.118,1.245,6280,0,
TOI-2818 b,0.71,1.363,4.039709,0.0493,0,87.73,315,0.977,1.229,5721,0,
TOI-2842 b,0.37,1.146,3.5514058,0.0475,0,84.42,460.2,1.135,1.265,5910,0,
TOI-2977 b,1.68,1.174,2.3505614,0.03386,0,89.19,355.7,0.936,1.073,5691,0,
TOI-3023 b,0.62,1.466,3.9014971,0.0505,0,88.9,392.8,1.12,1.668,5760,0,
TOI-3362 b,5.029,1.142,18.09547,0.153,0.815,89.14,370.85,1.445,1.83,6532,0,
TOI-3364 b,1.67,1.091,5.8768918,0.0675,0,88.79,275.6,1.186,1.419,5706,0,
TOI-3629 b,0.26,0.74,3.936551,0.043,0.05,89.1,129.7,0.63,0.6,3870,0,
TOI-3688 b,0.98,1.167,3.246075,0.0456,0,87.9,401,1.2,1.302,5950,0,
TOI-3714 b,0.7,1.01,2.154849,0.027,0.03,88.7,112.5,0.53,0.51,3660,1,
TOI-3757 b,0.2684,1.07,3.438753,0.03845,0.14,86.76,177.4,0.64,0.62,3913,0,
TOI-3807 b,1.04,2,2.8989727,0.0421,0,79.96,429,1.181,1.468,5772,0,
TOI-3819 b,1.11,1.172,3.2443141,0.04611,0,82.79,562.1,1.242,1.538,5859,0,
TOI-3884 b,0.0519,0.5629,4.5445697,0.0354,0.32,89.93,43.338,0.2813,0.3043,3269,1,
TOI-3912 b,0.406,1.274,3.4936264,0.0463,0,85.64,470,1.088,1.392,5725,0,
TOI-3976 b,0.175,1.095,6.607662,0.0743,0,87.28,522.2,1.254,1.501,5975,0,
TOI-4087 b,0.73,1.164,3.1774835,0.04469,0,87.82,310.4,1.178,1.112,6060,0,
TOI-4138 b,0.67,1.49,3.660028,0.051,0.03,86,507,1.32,1.82,,0,
TOI-4145 b,0.43,1.187,4.0664428,0.04823,0,86.2,205,0.905,0.859,5281,0,
TOI-431 b,0.00966,0.1142,0.490047,0.0113,0,84.3,32.61,0.78,0.731,4850,0,
TOI-431 d,0.0311,0.2935,12.46103,0.098,0,89.7,32.61,0.78,0.731,4850,0,
TOI-4463 b,0.794,1.183,2.8807198,0.04035,0,83.82,177.64,1.056,1.062,5640,0,
TOI-4562 b,3.29,1.072,225.11757,0.771,0.81,89.72,346.9,1.218,1.126,6096,0,
TOI-4791 b,2.31,1.11,4.28088,0.0555,0,85.55,322.1,1.242,1.409,6058,0,
TOI-5205 b,1.08,1.035,1.630757,0.0199,0.02,88.21,86.865,0.392,0.394,3439,1,
TOI-530 b,0.4,0.83,6.387597,0.052,0,89.1,147.7,0.53,0.54,3659,1,
TOI-532 b,0.1935,0.5192,2.32666508,0.0296,0,88.08,134.61,0.639,0.612,3957,0,
TOI-5542 b,1.32,1.009,75.12375,0.332,0.018,89.643,353.7,0.89,1.058,5700,0,
TOI-558 b,3.61,1.086,14.574071,0.1291,0.298,86.24,401,1.349,1.496,6466,0,
TOI-559 b,6.01,1.091,6.9839095,0.0723,0.15,89.08,233.2,1.026,1.233,5925,0,
TOI-564 b,1.463,1.02,1.651144,0.02734,0.072,78.38,200.7,1.1,1.04,5666,0,
TOI-620 b,0.0485,0.3354,5.0988179,0.04825,0.19,87.47,33.022,0.577,0.55,3708,0,
TOI-628 b,6.33,1.06,3.4095675,0.0486,0.07,88.4,178.5,1.311,1.345,6250,0,
TOI-640 b,0.88,1.771,5.0037775,0.06608,0.05,82.54,341.9,1.536,2.082,6460,0,
TOI-674 b,0.0739,0.4693,1.977143,0.0231,0.1,86.68,46.16,0.442,0.421,3505,1,
TOI-677 b,1.236,1.179,11.2366,0.1038,0.435,87.63,143,1.18,1.28,6295,0,
TOI-700 b,0.00406,0.08154,9.977219,0.0677,0.075,89.6,31.127,0.416,0.42,3480,1,
TOI-700 c,0.0249,0.232,16.051137,0.0929,0.068,88.9,31.127,0.416,0.42,3480,1,
TOI-700 d,0.00711,0.09573,37.42396,0.1633,0.042,89.8,31.127,0.416,0.42,3480,1,
TOI-712 b,0.0176,0.1828,9.531361,0.07928,0.54,88.22,58.62,0.732,0.674,4622,0,
TOI-712 c,0.0274,0.241,51.69906,0.2447,0.089,89.78,58.62,0.732,0.674,4622,0,
TOI-712 d,0.0236,0.22072,84.8396,0.3405,0.073,89.82,58.62,0.732,0.674,4622,0,
TOI-778 b,2.8,1.374,4.633611,0.06,0.21,84.7,162,1.4,1.71,6875,0,
TOI-836 b,0.01425,0.15202,3.81673,0.0422,0.053,87.57,27.504,0.678,0.665,4552,0,
TOI-836 c,0.0302,0.2308,8.59545,0.075,0.078,88.7,27.504,0.678,0.665,4552,0,
TOI-849 b,0.12299,0.30726,0.76552414,0.01598,0,86.8,225.2,0.929,0.919,5375.3,0,
TOI-905 b,0.667,1.171,3.739494,0.04666,0.024,85.68,159.4,0.85,1.14,5300,0,
TOI-942 b,2.599,0.4291,4.32419,0.04796,0,89.97,153.2732,0.88,0.893,4969,0,
TOI-942 c,2.501,0.5166,10.15643,0.0847,0,89.54,153.2732,0.88,0.893,4969,0,
TOI-954 b,0.174,0.852,3.6849729,0.04963,0.14,84.4,235.7,1.201,1.892,5710,0,
TRAPPIST-1 b,0.0027,0.09689,1.51087081,0.01111,0,89.65,12.1,0.08,0.117,2560,1,
TRAPPIST-1 c,0.00434,0.09421,2.4218233,0.01521,0,89.67,12.1,0.08,0.117,2560,1,
TRAPPIST-1 d,0.0013,0.0689,4.04961,0.02144,0,89.75,12.1,0.08,0.117,2560,1,
TRAPPIST-1 e,0.002,0.0819,6.099615,0.02817,0,89.86,12.1,0.08,0.117,2560,1,
TRAPPIST-1 f,0.0021,0.09323,9.20669,0.0371,0,89.68,12.1,0.08,0.117,2560,1,
TRAPPIST-1 g,0.00422,0.1005,12.35294,0.0451,0,89.71,12.1,0.08,0.117,2560,1,
TrES-1 b,0.761,1.099,3.0300722,0.0393,0,88.4,157,0.88,0.85,,0,
TrES-2 A b,1.253,1.189,2.470613374,0.03555,0,83.908,220,0.98,1,5850,0,
TrES-4 b,0.917,1.706,3.5539268,0.05084,0,82.81,479,1.388,1.798,6200,0,
V 1298 Tau b,2.2,0.8217,24.1382,0.1688,0.29,89,108.5,1.1,1.305,4970,0,
WASP-10 b,3.16,1.08,3.0927616,0.0371,0.057,86.8,90,0.71,0.783,4675,0,
WASP-104 b,1.272,1.137,1.7554137,0.02918,0,83.63,143,1.02,0.93,5450,0,
WASP-106 b,1.925,1.085,9.289715,0.0917,0,89.49,283,1.27,1.85,6000,0,
WASP-108 b,1.167,1.215,2.6755463,0.0397,0,88.49,220,1.167,1.215,6000,0,
WASP-109 b,0.91,1.443,3.3190233,0.0463,0,84.28,330,1.203,1.346,6520,0,
WASP-110 b,0.515,1.238,3.7783977,0.0457,0,88.06,320,0.892,0.881,5400,0,
WASP-111 b,1.85,1.442,2.310965,0.03914,0,81.61,210,1.5,1.85,6400,0,
WASP-112 b,0.88,1.191,3.0353992,0.0382,0,88.68,450,0.807,1.002,5610,0,
WASP-113 b,0.475,1.409,4.542168745,0.05885,0,86.46,360,1.318,1.608,5890,0,
WASP-114 b,1.769,1.339,1.5487743,0.02851,0.012,83.96,460,1.289,1.43,5940,0,
WASP-118 b,0.514,1.44,4.0460435,0.05453,0,88.7,380.53,1.32,1.7,6410,0,
WASP-119 b,1.23,1.4,2.49979,0.0363,0.058,85,333,1.02,1.2,5650,0,
WASP-12 b,1.47,1.9,1.09141937,0.02344,0,83.37,432.5,1.434,1.657,6360,0,
WASP-121 b,1.184,1.865,1.2749255,0.02544,0.02,87.6,270,1.353,1.458,6460,0,
WASP-124 b,0.6,1.24,3.37265,0.0499,0.017,86.3,433,1.07,1.02,6050,0,
WASP-126 b,0.2841,0.96,3.2888,0.0449,0.18,87.9,234,1.12,1.27,5800,0,
WASP-128 b,37.19,0.937,2.20883665,0.0359,0,89.1,422,1.155,1.152,5950,0,
WASP-129 b,1,0.93,5.748145,0.0628,0.096,87.7,246,1,0.9,5900,0,
WASP-130 b,1.23,0.89,11.55098,0.1012,0,88.66,180,1.04,0.96,5625,0,
WASP-131 b,0.27,1.22,5.322023,0.0607,0,85,250,1.06,1.53,6030,0,
WASP-132 b,0.41,0.8966,7.133514,0.067,0,89.51,120,0.8,0.74,4775,0,
WASP-133 b,1.16,1.21,2.176423,0.0345,0.17,87,457,1.16,1.44,5700,0,
WASP-134 b,1.412,0.988,10.1467583,0.0956,0.1447,89.13,195,1.131,1.16,5700,0,
WASP-135 b,1.9,1.3,1.4013794,0.0243,0,82,300,0.98,0.96,5680,0,
WASP-137 b,0.681,1.27,3.9080284,0.0519,0.14,84.59,289,1.216,1.65,6100,0,
WASP-14 b,7.341,1.281,2.2437661,0.036,0.087,84.79,160,1.211,1.306,6475,0,
WASP-140 b,2.44,1.44,2.2359835,0.0323,0.047,83.3,180,0.9,0.87,5260,0,
WASP-141 b,2.69,1.21,3.310651,0.0469,0,87.6,570,1.25,1.37,5900,0,
WASP-142 b,0.84,1.53,2.052868,0.0347,0,80.2,840,1.33,1.64,6010,0,
WASP-143 b,0.725,1.234,3.778873,0.049,0.0007,89,402,1.087,1,5900,0,
WASP-146 b,1.11,1.228,3.396944,0.0451,0.15,83.96,495,1.057,1.29,6100,0,
WASP-147 b,0.275,1.115,4.60273,0.0549,0,87.9,426,1.044,1.429,5702,0,
WASP-148 b,0.287,0.756,8.80345,0.08215,0.208,89.3,248.1,1,1.03,5460,0,
WASP-15 b,0.542,1.428,3.7520656,0.0499,0,85.5,308,1.18,1.477,6300,0,
WASP-150 b,8.46,1.07,5.644207,0.0694,0.3775,84.01,536,1.346,1.706,6093,0,
WASP-151 b,0.31,1.13,4.533471,0.055,0,89.2,480,1.077,1.14,5871,0,
WASP-153 b,0.39,1.55,3.332609,0.048,0,84.1,430,1.336,1.73,5914,0,
WASP-156 b,0.1303,0.554,3.8361603,0.0451,0,88.9,140,0.842,0.76,4910,0,
WASP-157 b,0.576,0.998,3.951623,0.0499,0,85.19,337.71,1.06,1.1,5772,0,
WASP-166 b,0.102,0.6155,5.44354215,0.0668,0,87.8,113,1.19,1.22,6050,0,
WASP-169 b,0.561,1.304,5.6114118,0.0681,0,87.9,638,1.337,2.011,6110,0,
WASP-171 b,1.084,0.988,3.8186244,0.0504,0,88.3,774,1.171,1.637,5965,0,
WASP-175 b,0.99,1.208,3.0652907,0.044,0,85.33,584,1.212,1.204,6229,0,
WASP-176 b,0.855,1.505,3.899052,0.0535,0,86.7,578,1.27,1.945,5902,0,
WASP-178 b,1.41,1.94,3.3448285,0.0558,0,85.7,417,1.93,1.801,8640,0,
WASP-18 b,10.4296,1.165,0.9414518,0.02047,0.0088,86,100,1.24,1.23,6400,0,
WASP-182 b,0.148,0.85,3.3769848,0.0451,0,83.88,331,1.076,1.34,5638,0,
WASP-184 b,0.57,1.33,5.1817,0.0627,0,86.9,640,1.23,1.65,6000,0,
WASP-189 b,1.99,1.619,2.724033,0.05053,0,84.03,99,1.887,2.33,7996,0,
WASP-2 A b,0.847,1.079,2.15222144,0.03138,0,84.73,144,0.84,0.834,5150,0,
WASP-20 A b,0.313,1.459,4.8996285,0.06003,0,85.57,210,1.202,1.392,5950,0,
WASP-21 b,0.3,1.21,4.3225126,0.052,0,87.12,230,1.01,1.06,5800,0,
WASP-22 b,0.617,1.199,3.5327313,0.04698,0,88.26,300,1.1,1.13,6000,0,
WASP-24 b,1.071,1.3,2.3412127,0.03651,0,83.64,332.5,1.129,1.147,6075,0,
WASP-25 b,0.58,1.26,3.76483,0.0474,0,87.7,169,1,0.95,5750,0,
WASP-26 b,1.028,1.281,2.7566004,0.03985,0,82.91,250,1.12,1.34,5950,0,
WASP-28 b,0.907,1.213,3.40883,0.04469,0.046,88.61,410,1.021,1.094,6150,0,
WASP-29 b,0.243,0.775,3.92271218,0.047,0.03,89.468,80,0.825,0.846,4800,0,
WASP-3 b,2.06,1.454,1.8468372,0.0313,0,85.06,223,1.24,1.31,6400,0,
WASP-30 b,60.86,0.889,4.156736,0.05325,0,89.57,366,1.166,0.889,6201,0,
WASP-31 b,0.478,1.537,3.405909,0.04657,0,84.54,400,1.16,1.24,6200,0,
WASP-33 b,2.8,1.603,1.21986967,0.02558,0,87.7,116,1.495,1.444,7400,0,
WASP-34 b,0.59,1.22,4.3176782,0.0524,0.038,85.2,120,1.01,0.93,5700,0,
WASP-36 b,2.279,1.269,1.5373653,0.02624,0,83.65,450,1.02,0.943,5881,0,
WASP-37 b,1.8,1.16,3.577471,0.04339,0,88.78,338,0.849,0.977,5800,0,
WASP-38 b,2.712,1.079,6.871815,0.07551,0.0321,88.69,110,1.216,1.365,6150,0,
WASP-39 b,0.28,1.27,4.055259,0.0486,0,87.83,230,0.93,0.895,5400,0,
WASP-4 b,1.1974,1.3846,1.338231602,0.02312,0.0053,88.87,300,0.93,1.15,5500,0,
WASP-41 b,0.94,1.18,3.052404,0.04,0.026,89.4,180,0.95,1.01,5450,0,
WASP-47 b,1.14243,1.127,4.1591289,0.052,0.0028,88.98,266.69,1.04,1.14,5552,0,
WASP-47 d,0.04122,0.319,9.03077,0.088,0.014,89.32,266.69,1.04,1.14,5552,0,
WASP-47 e,0.02149,0.161,0.789592,0.0173,0.03,85.98,266.69,1.04,1.14,5552,0,
WASP-5 b,1.637,1.171,1.6284246,0.02729,0,85.8,297,1,1.084,5700,0,
WASP-50 b,1.437,1.138,1.9550959,0.02913,0.009,84.74,230,0.861,0.855,5400,0,
WASP-52 b,0.46,1.27,1.7497798,0.0272,0,85.35,140,0.87,0.79,5000,0,
WASP-53 b,2.132,1.074,3.3098443,0.04101,0,87.08,235,0.839,0.798,4953,0,
WASP-55 b,0.61,1.33,4.46563,0.0533,0,89.6,299.97,1.11,1.09,5900,0,
WASP-58 b,0.89,1.37,5.01718,0.0561,0,87.4,300,0.94,1.17,5800,0,
WASP-59 b,0.863,0.775,7.919585,0.0697,0.1,89.27,125,0.719,0.613,4650,0,
WASP-6 b,0.503,1.224,3.361006,0.0421,0.054,88.47,307,0.888,0.87,5450,0,
WASP-61 b,2.06,1.24,3.8559,0.0514,0,89.35,480,1.22,1.36,6250,0,
WASP-62 b,0.57,1.39,4.411953,0.0567,0,88.3,160,1.25,1.28,6230,0,
WASP-63 b,0.38,1.43,4.37809,0.0574,0,87.8,330,1.32,1.88,5550,0,
WASP-66 b,2.32,1.39,4.086052,0.0546,0,85.9,380,1.3,1.75,6600,0,
WASP-67 b,0.42,1.4,4.61442,0.0517,0,85.8,225,0.87,0.87,5200,0,
WASP-69 b,0.26,1.057,3.8681382,0.04525,0,86.71,50,0.826,0.813,4715,0,
WASP-7 b,0.96,1.33,4.9546416,0.0617,0,87.03,140,1.276,1.432,6400,0,
WASP-70 A b,0.59,1.164,3.7130203,0.04853,0,87.12,245,1.106,1.215,5763,0,
WASP-71 b,2.258,1.5,2.9036747,0.04631,0,84.2,200,1.572,2.32,6050,0,
WASP-75 b,1.07,1.27,2.484193,0.0375,0,82,260,1.14,1.26,6100,0,
WASP-76 b,0.92,1.83,1.809886,0.033,0,88,195.3,1.46,1.73,6250,0,
WASP-78 b,0.89,1.7,2.17517656,0.0415,0,89,550,2.02,2.31,6100,0,
WASP-79 b,0.9,1.7,3.6623817,0.0539,0,85.4,240,1.56,1.64,6600,0,
WASP-8 b,2.244,1.038,8.158715,0.0801,0.31,88.55,87,1.033,0.953,5600,0,
WASP-80 b,0.554,0.952,3.0678504,0.0346,0.07,89.92,60,0.58,0.63,4145,0,
WASP-81 b,0.729,1.429,2.7164762,0.03908,0,88.69,410,1.08,1.283,5870,0,
WASP-82 b,1.24,1.67,2.705782,0.0447,0,87.9,200,1.63,2.18,6500,0,
WASP-83 b,0.3,1.04,4.071252,0.059,0,88.9,300,1.11,1.05,5480,0,
WASP-84 b,0.694,0.942,8.5234865,0.0771,0,88.368,120,0.842,0.748,5314,0,
WASP-87 A b,2.21,1.385,1.682795,0.02946,0,81.07,240,1.204,1.627,6450,0,
WASP-90 b,0.63,1.63,3.916243,0.0562,0,82.1,340,1.55,1.98,6430,0,
WASP-92 b,0.805,1.461,2.1746742,0.0348,0,83.75,530,1.19,1.341,6280,0,
Wendelstein-1 b,0.59,1,2.663416,0.0282,0.012,86.12,304,0.65,0.61,4125,0,
Wendelstein-2 b,0.73,1,1.7522239,0.0234,0.193,87.87,575,0.73,0.66,4667,0,
Wolf 503 b,0.0197,0.18227,6.001127,0.05706,0.41,-2,44.583,0.688,0.69,4716,0,
WTS-1 b,4.01,1.49,3.352059,0.047,0.1,85.5,3200,1.2,1.15,6250,0,
WTS-2 b,1.12,1.3,1.0187074,0.01855,0,83.43,1000,0.82,0.761,5000,0,
XO-1 b,0.9,1.184,3.9415128,0.0488,0,89.31,200,1,0.928,,0,
XO-2N b,0.62,0.973,2.615838,0.0369,0.045,88.7,149,0.98,0.964,5340,0,
XO-3 b,11.79,1.217,3.1915239,0.0454,0.26,84.2,260,1.41,1.49,6781,0,
XO-4 b,1.616,1.317,4.12473,0.05485,0,88.47,293,1.32,1.55,5700,0,
XO-5 b,1.077,1.03,4.1877537,0.0487,0,86.8,255,0.88,1.06,5510,0,
XO-6 b,1.9,2.07,3.7650007,0.0815,0,86,86,1.47,1.93,6720,0,
XO-7 b,0.709,1.373,2.8641424,0.04421,0.038,83.45,234.1,1.405,1.48,6250,0,
